juice,package,channel
Apple juice,Bottle,Convenience store
Apple juice,Bottle,Convenience store
Apple juice,Bottle,Convenience store
Apple juice,Bottle,Convenience store
Apple juice,Bottle,Convenience store
Apple juice,Bottle,Convenience store
Apple juice,Bottle,Convenience store
Apple juice,Bottle,Convenience store
Apple juice,Bottle,Convenience store
Apple juice,Bottle,Convenience store
Apple juice,Bottle,Convenience store
Apple juice,Bottle,Convenience store
Apple juice,Bottle,Convenience store
Apple juice,Bottle,Convenience store
Apple juice,Bottle,Convenience store
Apple juice,Bottle,Convenience store
Apple juice,Bottle,Convenience store
Apple juice,Bottle,Convenience store
Apple juice,Bottle,Convenience store
Apple juice,Bottle,Convenience store
Apple juice,Bottle,Convenience store
Apple juice,Bottle,Convenience store
Apple juice,Bottle,Convenience store
Apple juice,Bottle,Convenience store
Apple juice,Bottle,Convenience store
Apple juice,Bottle,Convenience store
Apple juice,Bottle,Convenience store
Apple juice,Bottle,Convenience store
Apple juice,Bottle,Convenience store
Apple juice,Bottle,Convenience store
Apple juice,Bottle,Convenience store
Apple juice,Bottle,Convenience store
Apple juice,Bottle,Convenience store
Apple juice,Bottle,Convenience store
Apple juice,Bottle,Convenience store
Apple juice,Bottle,Convenience store
Apple juice,Bottle,Convenience store
Apple juice,Bottle,Convenience store
Apple juice,Bottle,Convenience store
Apple juice,Bottle,Convenience store
Apple juice,Bottle,Convenience store
Apple juice,Bottle,Convenience store
Apple juice,Bottle,Convenience store
Apple juice,Bottle,Convenience store
Apple juice,Bottle,Convenience store
Apple juice,Bottle,Convenience store
Apple juice,Bottle,Convenience store
Apple juice,Bottle,Convenience store
Apple juice,Bottle,Convenience store
Apple juice,Bottle,Convenience store
Apple juice,Bottle,Convenience store
Apple juice,Bottle,Convenience store
Apple juice,Bottle,Convenience store
Apple juice,Bottle,Convenience store
Apple juice,Bottle,Convenience store
Apple juice,Bottle,Convenience store
Apple juice,Bottle,Convenience store
Apple juice,Bottle,Convenience store
Apple juice,Bottle,Convenience store
Apple juice,Bottle,Convenience store
Apple juice,Bottle,Convenience store
Apple juice,Bottle,Convenience store
Apple juice,Bottle,Convenience store
Apple juice,Bottle,Convenience store
Apple juice,Bottle,Convenience store
Apple juice,Bottle,Convenience store
Apple juice,Bottle,Convenience store
Apple juice,Bottle,Convenience store
Apple juice,Bottle,Convenience store
Apple juice,Bottle,Convenience store
Apple juice,Bottle,Convenience store
Apple juice,Bottle,Convenience store
Apple juice,Bottle,Convenience store
Apple juice,Bottle,Convenience store
Apple juice,Bottle,Convenience store
Apple juice,Bottle,Convenience store
Apple juice,Bottle,Convenience store
Apple juice,Bottle,Convenience store
Apple juice,Bottle,Convenience store
Apple juice,Bottle,Convenience store
Apple juice,Bottle,Convenience store
Apple juice,Bottle,Convenience store
Apple juice,Bottle,Convenience store
Apple juice,Bottle,Convenience store
Apple juice,Bottle,Convenience store
Apple juice,Bottle,Convenience store
Apple juice,Bottle,Convenience store
Apple juice,Bottle,Convenience store
Apple juice,Bottle,Convenience store
Apple juice,Bottle,Convenience store
Apple juice,Bottle,Convenience store
Apple juice,Bottle,Convenience store
Apple juice,Bottle,Convenience store
Apple juice,Bottle,Convenience store
Apple juice,Bottle,Convenience store
Apple juice,Bottle,Convenience store
Apple juice,Bottle,Convenience store
Apple juice,Bottle,Convenience store
Apple juice,Bottle,Convenience store
Apple juice,Bottle,Convenience store
Apple juice,Bottle,Convenience store
Apple juice,Bottle,Convenience store
Apple juice,Bottle,Convenience store
Apple juice,Bottle,Convenience store
Apple juice,Bottle,Convenience store
Apple juice,Bottle,Convenience store
Apple juice,Bottle,Convenience store
Apple juice,Bottle,Convenience store
Apple juice,Bottle,Convenience store
Apple juice,Bottle,Convenience store
Apple juice,Bottle,Convenience store
Apple juice,Bottle,Convenience store
Apple juice,Bottle,Convenience store
Apple juice,Bottle,Convenience store
Apple juice,Bottle,Convenience store
Apple juice,Bottle,Convenience store
Apple juice,Bottle,Convenience store
Apple juice,Bottle,Convenience store
Apple juice,Bottle,Convenience store
Apple juice,Bottle,Convenience store
Apple juice,Bottle,Convenience store
Apple juice,Bottle,Convenience store
Apple juice,Bottle,Convenience store
Apple juice,Bottle,Convenience store
Apple juice,Bottle,Convenience store
Apple juice,Bottle,Convenience store
Apple juice,Bottle,Convenience store
Apple juice,Bottle,Convenience store
Apple juice,Bottle,Convenience store
Apple juice,Bottle,Convenience store
Apple juice,Bottle,Convenience store
Apple juice,Bottle,Convenience store
Apple juice,Bottle,Convenience store
Apple juice,Bottle,Convenience store
Apple juice,Bottle,Convenience store
Apple juice,Bottle,Convenience store
Apple juice,Bottle,Convenience store
Apple juice,Bottle,Convenience store
Apple juice,Bottle,Convenience store
Apple juice,Bottle,Convenience store
Apple juice,Bottle,Convenience store
Apple juice,Bottle,Convenience store
Apple juice,Bottle,Convenience store
Apple juice,Bottle,Convenience store
Apple juice,Bottle,Convenience store
Apple juice,Bottle,Convenience store
Apple juice,Bottle,Convenience store
Apple juice,Bottle,Convenience store
Apple juice,Bottle,Convenience store
Apple juice,Bottle,Convenience store
Apple juice,Bottle,Convenience store
Apple juice,Bottle,Convenience store
Apple juice,Bottle,Convenience store
Apple juice,Bottle,Convenience store
Apple juice,Bottle,Convenience store
Apple juice,Bottle,Convenience store
Apple juice,Bottle,Convenience store
Apple juice,Bottle,Convenience store
Apple juice,Bottle,Convenience store
Apple juice,Bottle,Convenience store
Apple juice,Bottle,Convenience store
Apple juice,Bottle,Convenience store
Apple juice,Bottle,Convenience store
Apple juice,Bottle,Convenience store
Apple juice,Bottle,Convenience store
Apple juice,Bottle,Convenience store
Apple juice,Bottle,Convenience store
Apple juice,Bottle,Convenience store
Apple juice,Bottle,Convenience store
Apple juice,Bottle,Convenience store
Apple juice,Bottle,Convenience store
Apple juice,Bottle,Convenience store
Apple juice,Bottle,Convenience store
Apple juice,Bottle,Convenience store
Apple juice,Bottle,Convenience store
Apple juice,Bottle,Convenience store
Apple juice,Bottle,Convenience store
Apple juice,Bottle,Convenience store
Apple juice,Bottle,Convenience store
Apple juice,Bottle,Convenience store
Apple juice,Bottle,Convenience store
Apple juice,Bottle,Convenience store
Apple juice,Bottle,Convenience store
Apple juice,Bottle,Convenience store
Apple juice,Bottle,Convenience store
Apple juice,Bottle,Convenience store
Apple juice,Bottle,Convenience store
Apple juice,Bottle,Convenience store
Apple juice,Bottle,Convenience store
Apple juice,Bottle,Convenience store
Apple juice,Bottle,Convenience store
Apple juice,Bottle,Convenience store
Apple juice,Bottle,Convenience store
Apple juice,Bottle,Convenience store
Apple juice,Bottle,Convenience store
Apple juice,Bottle,Convenience store
Apple juice,Bottle,Convenience store
Apple juice,Bottle,Convenience store
Apple juice,Bottle,Convenience store
Apple juice,Bottle,Convenience store
Apple juice,Bottle,Convenience store
Apple juice,Bottle,Convenience store
Apple juice,Bottle,Convenience store
Apple juice,Bottle,Convenience store
Apple juice,Bottle,Convenience store
Apple juice,Bottle,Convenience store
Apple juice,Bottle,Convenience store
Apple juice,Bottle,Convenience store
Apple juice,Bottle,Convenience store
Apple juice,Bottle,Convenience store
Apple juice,Bottle,Convenience store
Apple juice,Bottle,Convenience store
Apple juice,Bottle,Convenience store
Apple juice,Bottle,Convenience store
Apple juice,Bottle,Convenience store
Apple juice,Bottle,Convenience store
Apple juice,Bottle,Convenience store
Apple juice,Bottle,Convenience store
Apple juice,Bottle,Convenience store
Apple juice,Bottle,Convenience store
Apple juice,Bottle,Convenience store
Apple juice,Bottle,Supermarket
Apple juice,Bottle,Supermarket
Apple juice,Bottle,Supermarket
Apple juice,Bottle,Supermarket
Apple juice,Bottle,Supermarket
Apple juice,Bottle,Supermarket
Apple juice,Bottle,Supermarket
Apple juice,Bottle,Supermarket
Apple juice,Bottle,Supermarket
Apple juice,Bottle,Supermarket
Apple juice,Bottle,Supermarket
Apple juice,Bottle,Supermarket
Apple juice,Bottle,Supermarket
Apple juice,Bottle,Supermarket
Apple juice,Bottle,Supermarket
Apple juice,Bottle,Supermarket
Apple juice,Bottle,Supermarket
Apple juice,Bottle,Supermarket
Apple juice,Bottle,Supermarket
Apple juice,Bottle,Supermarket
Apple juice,Bottle,Supermarket
Apple juice,Bottle,Supermarket
Apple juice,Bottle,Supermarket
Apple juice,Bottle,Supermarket
Apple juice,Bottle,Supermarket
Apple juice,Bottle,Supermarket
Apple juice,Bottle,Supermarket
Apple juice,Bottle,Supermarket
Apple juice,Bottle,Supermarket
Apple juice,Bottle,Supermarket
Apple juice,Bottle,Supermarket
Apple juice,Bottle,Supermarket
Apple juice,Bottle,Supermarket
Apple juice,Bottle,Supermarket
Apple juice,Bottle,Supermarket
Apple juice,Bottle,Supermarket
Apple juice,Bottle,Supermarket
Apple juice,Bottle,Supermarket
Apple juice,Bottle,Supermarket
Apple juice,Bottle,Supermarket
Apple juice,Bottle,Supermarket
Apple juice,Bottle,Supermarket
Apple juice,Bottle,Supermarket
Apple juice,Bottle,Supermarket
Apple juice,Bottle,Supermarket
Apple juice,Bottle,Supermarket
Apple juice,Bottle,Supermarket
Apple juice,Bottle,Supermarket
Apple juice,Bottle,Supermarket
Apple juice,Bottle,Supermarket
Apple juice,Bottle,Supermarket
Apple juice,Bottle,Supermarket
Apple juice,Bottle,Supermarket
Apple juice,Bottle,Supermarket
Apple juice,Bottle,Supermarket
Apple juice,Bottle,Supermarket
Apple juice,Bottle,Supermarket
Apple juice,Bottle,Supermarket
Apple juice,Bottle,Supermarket
Apple juice,Bottle,Supermarket
Apple juice,Bottle,Supermarket
Apple juice,Bottle,Supermarket
Apple juice,Bottle,Supermarket
Apple juice,Bottle,Supermarket
Apple juice,Bottle,Supermarket
Apple juice,Bottle,Supermarket
Apple juice,Bottle,Supermarket
Apple juice,Bottle,Supermarket
Apple juice,Bottle,Supermarket
Apple juice,Bottle,Supermarket
Apple juice,Bottle,Supermarket
Apple juice,Bottle,Supermarket
Apple juice,Bottle,Supermarket
Apple juice,Bottle,Supermarket
Apple juice,Bottle,Supermarket
Apple juice,Bottle,Supermarket
Apple juice,Bottle,Supermarket
Apple juice,Bottle,Supermarket
Apple juice,Bottle,Supermarket
Apple juice,Bottle,Supermarket
Apple juice,Bottle,Supermarket
Apple juice,Bottle,Supermarket
Apple juice,Bottle,Supermarket
Apple juice,Bottle,Supermarket
Apple juice,Bottle,Supermarket
Apple juice,Bottle,Supermarket
Apple juice,Bottle,Supermarket
Apple juice,Bottle,Supermarket
Apple juice,Bottle,Supermarket
Apple juice,Bottle,Supermarket
Apple juice,Bottle,Supermarket
Apple juice,Bottle,Supermarket
Apple juice,Bottle,Supermarket
Apple juice,Bottle,Supermarket
Apple juice,Bottle,Supermarket
Apple juice,Bottle,Supermarket
Apple juice,Bottle,Supermarket
Apple juice,Bottle,Supermarket
Apple juice,Bottle,Supermarket
Apple juice,Bottle,Supermarket
Apple juice,Bottle,Supermarket
Apple juice,Bottle,Supermarket
Apple juice,Bottle,Supermarket
Apple juice,Bottle,Supermarket
Apple juice,Bottle,Supermarket
Apple juice,Bottle,Supermarket
Apple juice,Bottle,Supermarket
Apple juice,Bottle,Supermarket
Apple juice,Bottle,Supermarket
Apple juice,Bottle,Supermarket
Apple juice,Bottle,Supermarket
Apple juice,Bottle,Supermarket
Apple juice,Bottle,Supermarket
Apple juice,Bottle,Supermarket
Apple juice,Bottle,Supermarket
Apple juice,Tetra Pak,Convenience store
Apple juice,Tetra Pak,Convenience store
Apple juice,Tetra Pak,Convenience store
Apple juice,Tetra Pak,Convenience store
Apple juice,Tetra Pak,Convenience store
Apple juice,Tetra Pak,Convenience store
Apple juice,Tetra Pak,Convenience store
Apple juice,Tetra Pak,Convenience store
Apple juice,Tetra Pak,Convenience store
Apple juice,Tetra Pak,Convenience store
Apple juice,Tetra Pak,Convenience store
Apple juice,Tetra Pak,Convenience store
Apple juice,Tetra Pak,Convenience store
Apple juice,Tetra Pak,Convenience store
Apple juice,Tetra Pak,Convenience store
Apple juice,Tetra Pak,Convenience store
Apple juice,Tetra Pak,Convenience store
Apple juice,Tetra Pak,Convenience store
Apple juice,Tetra Pak,Convenience store
Apple juice,Tetra Pak,Convenience store
Apple juice,Tetra Pak,Convenience store
Apple juice,Tetra Pak,Convenience store
Apple juice,Tetra Pak,Convenience store
Apple juice,Tetra Pak,Convenience store
Apple juice,Tetra Pak,Convenience store
Apple juice,Tetra Pak,Convenience store
Apple juice,Tetra Pak,Convenience store
Apple juice,Tetra Pak,Convenience store
Apple juice,Tetra Pak,Convenience store
Apple juice,Tetra Pak,Convenience store
Apple juice,Tetra Pak,Convenience store
Apple juice,Tetra Pak,Convenience store
Apple juice,Tetra Pak,Convenience store
Apple juice,Tetra Pak,Convenience store
Apple juice,Tetra Pak,Convenience store
Apple juice,Tetra Pak,Convenience store
Apple juice,Tetra Pak,Convenience store
Apple juice,Tetra Pak,Convenience store
Apple juice,Tetra Pak,Convenience store
Apple juice,Tetra Pak,Convenience store
Apple juice,Tetra Pak,Convenience store
Apple juice,Tetra Pak,Convenience store
Apple juice,Tetra Pak,Convenience store
Apple juice,Tetra Pak,Convenience store
Apple juice,Tetra Pak,Convenience store
Apple juice,Tetra Pak,Convenience store
Apple juice,Tetra Pak,Convenience store
Apple juice,Tetra Pak,Convenience store
Apple juice,Tetra Pak,Convenience store
Apple juice,Tetra Pak,Convenience store
Apple juice,Tetra Pak,Convenience store
Apple juice,Tetra Pak,Convenience store
Apple juice,Tetra Pak,Convenience store
Apple juice,Tetra Pak,Convenience store
Apple juice,Tetra Pak,Convenience store
Apple juice,Tetra Pak,Convenience store
Apple juice,Tetra Pak,Convenience store
Apple juice,Tetra Pak,Convenience store
Apple juice,Tetra Pak,Convenience store
Apple juice,Tetra Pak,Convenience store
Apple juice,Tetra Pak,Convenience store
Apple juice,Tetra Pak,Convenience store
Apple juice,Tetra Pak,Convenience store
Apple juice,Tetra Pak,Convenience store
Apple juice,Tetra Pak,Convenience store
Apple juice,Tetra Pak,Convenience store
Apple juice,Tetra Pak,Convenience store
Apple juice,Tetra Pak,Convenience store
Apple juice,Tetra Pak,Convenience store
Apple juice,Tetra Pak,Convenience store
Apple juice,Tetra Pak,Convenience store
Apple juice,Tetra Pak,Convenience store
Apple juice,Tetra Pak,Convenience store
Apple juice,Tetra Pak,Convenience store
Apple juice,Tetra Pak,Convenience store
Apple juice,Tetra Pak,Convenience store
Apple juice,Tetra Pak,Convenience store
Apple juice,Tetra Pak,Convenience store
Apple juice,Tetra Pak,Convenience store
Apple juice,Tetra Pak,Convenience store
Apple juice,Tetra Pak,Convenience store
Apple juice,Tetra Pak,Convenience store
Apple juice,Tetra Pak,Convenience store
Apple juice,Tetra Pak,Convenience store
Apple juice,Tetra Pak,Convenience store
Apple juice,Tetra Pak,Convenience store
Apple juice,Tetra Pak,Convenience store
Apple juice,Tetra Pak,Convenience store
Apple juice,Tetra Pak,Convenience store
Apple juice,Tetra Pak,Convenience store
Apple juice,Tetra Pak,Convenience store
Apple juice,Tetra Pak,Convenience store
Apple juice,Tetra Pak,Convenience store
Apple juice,Tetra Pak,Convenience store
Apple juice,Tetra Pak,Convenience store
Apple juice,Tetra Pak,Convenience store
Apple juice,Tetra Pak,Convenience store
Apple juice,Tetra Pak,Convenience store
Apple juice,Tetra Pak,Convenience store
Apple juice,Tetra Pak,Convenience store
Apple juice,Tetra Pak,Convenience store
Apple juice,Tetra Pak,Convenience store
Apple juice,Tetra Pak,Convenience store
Apple juice,Tetra Pak,Convenience store
Apple juice,Tetra Pak,Convenience store
Apple juice,Tetra Pak,Convenience store
Apple juice,Tetra Pak,Convenience store
Apple juice,Tetra Pak,Convenience store
Apple juice,Tetra Pak,Convenience store
Apple juice,Tetra Pak,Convenience store
Apple juice,Tetra Pak,Convenience store
Apple juice,Tetra Pak,Convenience store
Apple juice,Tetra Pak,Convenience store
Apple juice,Tetra Pak,Convenience store
Apple juice,Tetra Pak,Convenience store
Apple juice,Tetra Pak,Convenience store
Apple juice,Tetra Pak,Convenience store
Apple juice,Tetra Pak,Convenience store
Apple juice,Tetra Pak,Convenience store
Apple juice,Tetra Pak,Convenience store
Apple juice,Tetra Pak,Convenience store
Apple juice,Tetra Pak,Convenience store
Apple juice,Tetra Pak,Convenience store
Apple juice,Tetra Pak,Convenience store
Apple juice,Tetra Pak,Convenience store
Apple juice,Tetra Pak,Convenience store
Apple juice,Tetra Pak,Convenience store
Apple juice,Tetra Pak,Convenience store
Apple juice,Tetra Pak,Convenience store
Apple juice,Tetra Pak,Convenience store
Apple juice,Tetra Pak,Convenience store
Apple juice,Tetra Pak,Convenience store
Apple juice,Tetra Pak,Convenience store
Apple juice,Tetra Pak,Convenience store
Apple juice,Tetra Pak,Convenience store
Apple juice,Tetra Pak,Convenience store
Apple juice,Tetra Pak,Convenience store
Apple juice,Tetra Pak,Convenience store
Apple juice,Tetra Pak,Convenience store
Apple juice,Tetra Pak,Convenience store
Apple juice,Tetra Pak,Convenience store
Apple juice,Tetra Pak,Convenience store
Apple juice,Tetra Pak,Convenience store
Apple juice,Tetra Pak,Convenience store
Apple juice,Tetra Pak,Convenience store
Apple juice,Tetra Pak,Convenience store
Apple juice,Tetra Pak,Convenience store
Apple juice,Tetra Pak,Convenience store
Apple juice,Tetra Pak,Convenience store
Apple juice,Tetra Pak,Convenience store
Apple juice,Tetra Pak,Convenience store
Apple juice,Tetra Pak,Convenience store
Apple juice,Tetra Pak,Convenience store
Apple juice,Tetra Pak,Convenience store
Apple juice,Tetra Pak,Convenience store
Apple juice,Tetra Pak,Convenience store
Apple juice,Tetra Pak,Convenience store
Apple juice,Tetra Pak,Convenience store
Apple juice,Tetra Pak,Convenience store
Apple juice,Tetra Pak,Convenience store
Apple juice,Tetra Pak,Convenience store
Apple juice,Tetra Pak,Convenience store
Apple juice,Tetra Pak,Convenience store
Apple juice,Tetra Pak,Convenience store
Apple juice,Tetra Pak,Convenience store
Apple juice,Tetra Pak,Convenience store
Apple juice,Tetra Pak,Convenience store
Apple juice,Tetra Pak,Convenience store
Apple juice,Tetra Pak,Convenience store
Apple juice,Tetra Pak,Convenience store
Apple juice,Tetra Pak,Convenience store
Apple juice,Tetra Pak,Convenience store
Apple juice,Tetra Pak,Convenience store
Apple juice,Tetra Pak,Convenience store
Apple juice,Tetra Pak,Convenience store
Apple juice,Tetra Pak,Convenience store
Apple juice,Tetra Pak,Convenience store
Apple juice,Tetra Pak,Convenience store
Apple juice,Tetra Pak,Convenience store
Apple juice,Tetra Pak,Convenience store
Apple juice,Tetra Pak,Convenience store
Apple juice,Tetra Pak,Convenience store
Apple juice,Tetra Pak,Convenience store
Apple juice,Tetra Pak,Convenience store
Apple juice,Tetra Pak,Convenience store
Apple juice,Tetra Pak,Convenience store
Apple juice,Tetra Pak,Convenience store
Apple juice,Tetra Pak,Convenience store
Apple juice,Tetra Pak,Convenience store
Apple juice,Tetra Pak,Convenience store
Apple juice,Tetra Pak,Convenience store
Apple juice,Tetra Pak,Convenience store
Apple juice,Tetra Pak,Convenience store
Apple juice,Tetra Pak,Supermarket
Apple juice,Tetra Pak,Supermarket
Apple juice,Tetra Pak,Supermarket
Apple juice,Tetra Pak,Supermarket
Apple juice,Tetra Pak,Supermarket
Apple juice,Tetra Pak,Supermarket
Apple juice,Tetra Pak,Supermarket
Apple juice,Tetra Pak,Supermarket
Apple juice,Tetra Pak,Supermarket
Apple juice,Tetra Pak,Supermarket
Apple juice,Tetra Pak,Supermarket
Apple juice,Tetra Pak,Supermarket
Apple juice,Tetra Pak,Supermarket
Apple juice,Tetra Pak,Supermarket
Apple juice,Tetra Pak,Supermarket
Apple juice,Tetra Pak,Supermarket
Apple juice,Tetra Pak,Supermarket
Apple juice,Tetra Pak,Supermarket
Apple juice,Tetra Pak,Supermarket
Apple juice,Tetra Pak,Supermarket
Apple juice,Tetra Pak,Supermarket
Apple juice,Tetra Pak,Supermarket
Apple juice,Tetra Pak,Supermarket
Apple juice,Tetra Pak,Supermarket
Apple juice,Tetra Pak,Supermarket
Apple juice,Tetra Pak,Supermarket
Apple juice,Tetra Pak,Supermarket
Apple juice,Tetra Pak,Supermarket
Apple juice,Tetra Pak,Supermarket
Apple juice,Tetra Pak,Supermarket
Apple juice,Tetra Pak,Supermarket
Apple juice,Tetra Pak,Supermarket
Apple juice,Tetra Pak,Supermarket
Apple juice,Tetra Pak,Supermarket
Apple juice,Tetra Pak,Supermarket
Apple juice,Tetra Pak,Supermarket
Apple juice,Tetra Pak,Supermarket
Apple juice,Tetra Pak,Supermarket
Apple juice,Tetra Pak,Supermarket
Apple juice,Tetra Pak,Supermarket
Apple juice,Tetra Pak,Supermarket
Apple juice,Tetra Pak,Supermarket
Apple juice,Tetra Pak,Supermarket
Apple juice,Tetra Pak,Supermarket
Apple juice,Tetra Pak,Supermarket
Apple juice,Tetra Pak,Supermarket
Apple juice,Tetra Pak,Supermarket
Apple juice,Tetra Pak,Supermarket
Apple juice,Tetra Pak,Supermarket
Apple juice,Tetra Pak,Supermarket
Apple juice,Tetra Pak,Supermarket
Apple juice,Tetra Pak,Supermarket
Apple juice,Tetra Pak,Supermarket
Apple juice,Tetra Pak,Supermarket
Apple juice,Tetra Pak,Supermarket
Apple juice,Tetra Pak,Supermarket
Apple juice,Tetra Pak,Supermarket
Apple juice,Tetra Pak,Supermarket
Apple juice,Tetra Pak,Supermarket
Apple juice,Tetra Pak,Supermarket
Apple juice,Tetra Pak,Supermarket
Apple juice,Tetra Pak,Supermarket
Apple juice,Tetra Pak,Supermarket
Apple juice,Tetra Pak,Supermarket
Apple juice,Tetra Pak,Supermarket
Apple juice,Tetra Pak,Supermarket
Apple juice,Tetra Pak,Supermarket
Apple juice,Tetra Pak,Supermarket
Apple juice,Tetra Pak,Supermarket
Apple juice,Tetra Pak,Supermarket
Apple juice,Tetra Pak,Supermarket
Apple juice,Tetra Pak,Supermarket
Apple juice,Tetra Pak,Supermarket
Apple juice,Tetra Pak,Supermarket
Apple juice,Tetra Pak,Supermarket
Apple juice,Tetra Pak,Supermarket
Apple juice,Tetra Pak,Supermarket
Apple juice,Tetra Pak,Supermarket
Apple juice,Tetra Pak,Supermarket
Apple juice,Tetra Pak,Supermarket
Apple juice,Tetra Pak,Supermarket
Apple juice,Tetra Pak,Supermarket
Apple juice,Tetra Pak,Supermarket
Apple juice,Tetra Pak,Supermarket
Apple juice,Tetra Pak,Supermarket
Apple juice,Tetra Pak,Supermarket
Apple juice,Tetra Pak,Supermarket
Apple juice,Tetra Pak,Supermarket
Apple juice,Tetra Pak,Supermarket
Apple juice,Tetra Pak,Supermarket
Apple juice,Tetra Pak,Supermarket
Apple juice,Tetra Pak,Supermarket
Apple juice,Tetra Pak,Supermarket
Apple juice,Tetra Pak,Supermarket
Apple juice,Tetra Pak,Supermarket
Apple juice,Tetra Pak,Supermarket
Apple juice,Tetra Pak,Supermarket
Apple juice,Tetra Pak,Supermarket
Apple juice,Tetra Pak,Supermarket
Apple juice,Tetra Pak,Supermarket
Strawberry juice,Bottle,Convenience store
Strawberry juice,Bottle,Convenience store
Strawberry juice,Bottle,Convenience store
Strawberry juice,Bottle,Convenience store
Strawberry juice,Bottle,Convenience store
Strawberry juice,Bottle,Convenience store
Strawberry juice,Bottle,Convenience store
Strawberry juice,Bottle,Convenience store
Strawberry juice,Bottle,Convenience store
Strawberry juice,Bottle,Convenience store
Strawberry juice,Bottle,Convenience store
Strawberry juice,Bottle,Convenience store
Strawberry juice,Bottle,Convenience store
Strawberry juice,Bottle,Convenience store
Strawberry juice,Bottle,Convenience store
Strawberry juice,Bottle,Convenience store
Strawberry juice,Bottle,Convenience store
Strawberry juice,Bottle,Convenience store
Strawberry juice,Bottle,Convenience store
Strawberry juice,Bottle,Convenience store
Strawberry juice,Bottle,Convenience store
Strawberry juice,Bottle,Convenience store
Strawberry juice,Bottle,Convenience store
Strawberry juice,Bottle,Convenience store
Strawberry juice,Bottle,Convenience store
Strawberry juice,Bottle,Convenience store
Strawberry juice,Bottle,Convenience store
Strawberry juice,Bottle,Convenience store
Strawberry juice,Bottle,Convenience store
Strawberry juice,Bottle,Convenience store
Strawberry juice,Bottle,Convenience store
Strawberry juice,Bottle,Convenience store
Strawberry juice,Bottle,Convenience store
Strawberry juice,Bottle,Convenience store
Strawberry juice,Bottle,Convenience store
Strawberry juice,Bottle,Convenience store
Strawberry juice,Bottle,Convenience store
Strawberry juice,Bottle,Convenience store
Strawberry juice,Bottle,Convenience store
Strawberry juice,Bottle,Convenience store
Strawberry juice,Bottle,Convenience store
Strawberry juice,Bottle,Convenience store
Strawberry juice,Bottle,Convenience store
Strawberry juice,Bottle,Convenience store
Strawberry juice,Bottle,Convenience store
Strawberry juice,Bottle,Convenience store
Strawberry juice,Bottle,Convenience store
Strawberry juice,Bottle,Convenience store
Strawberry juice,Bottle,Convenience store
Strawberry juice,Bottle,Convenience store
Strawberry juice,Bottle,Convenience store
Strawberry juice,Bottle,Convenience store
Strawberry juice,Bottle,Convenience store
Strawberry juice,Bottle,Convenience store
Strawberry juice,Bottle,Convenience store
Strawberry juice,Bottle,Convenience store
Strawberry juice,Bottle,Convenience store
Strawberry juice,Bottle,Convenience store
Strawberry juice,Bottle,Convenience store
Strawberry juice,Bottle,Convenience store
Strawberry juice,Bottle,Convenience store
Strawberry juice,Bottle,Convenience store
Strawberry juice,Bottle,Convenience store
Strawberry juice,Bottle,Convenience store
Strawberry juice,Bottle,Convenience store
Strawberry juice,Bottle,Convenience store
Strawberry juice,Bottle,Convenience store
Strawberry juice,Bottle,Convenience store
Strawberry juice,Bottle,Convenience store
Strawberry juice,Bottle,Convenience store
Strawberry juice,Bottle,Convenience store
Strawberry juice,Bottle,Convenience store
Strawberry juice,Bottle,Convenience store
Strawberry juice,Bottle,Convenience store
Strawberry juice,Bottle,Convenience store
Strawberry juice,Bottle,Convenience store
Strawberry juice,Bottle,Convenience store
Strawberry juice,Bottle,Convenience store
Strawberry juice,Bottle,Convenience store
Strawberry juice,Bottle,Convenience store
Strawberry juice,Bottle,Convenience store
Strawberry juice,Bottle,Convenience store
Strawberry juice,Bottle,Convenience store
Strawberry juice,Bottle,Convenience store
Strawberry juice,Bottle,Convenience store
Strawberry juice,Bottle,Convenience store
Strawberry juice,Bottle,Convenience store
Strawberry juice,Bottle,Convenience store
Strawberry juice,Bottle,Convenience store
Strawberry juice,Bottle,Convenience store
Strawberry juice,Bottle,Convenience store
Strawberry juice,Bottle,Convenience store
Strawberry juice,Bottle,Convenience store
Strawberry juice,Bottle,Convenience store
Strawberry juice,Bottle,Convenience store
Strawberry juice,Bottle,Convenience store
Strawberry juice,Bottle,Convenience store
Strawberry juice,Bottle,Convenience store
Strawberry juice,Bottle,Convenience store
Strawberry juice,Bottle,Convenience store
Strawberry juice,Bottle,Convenience store
Strawberry juice,Bottle,Convenience store
Strawberry juice,Bottle,Convenience store
Strawberry juice,Bottle,Convenience store
Strawberry juice,Bottle,Convenience store
Strawberry juice,Bottle,Convenience store
Strawberry juice,Bottle,Convenience store
Strawberry juice,Bottle,Convenience store
Strawberry juice,Bottle,Convenience store
Strawberry juice,Bottle,Convenience store
Strawberry juice,Bottle,Convenience store
Strawberry juice,Bottle,Convenience store
Strawberry juice,Bottle,Convenience store
Strawberry juice,Bottle,Convenience store
Strawberry juice,Bottle,Convenience store
Strawberry juice,Bottle,Convenience store
Strawberry juice,Bottle,Convenience store
Strawberry juice,Bottle,Convenience store
Strawberry juice,Bottle,Convenience store
Strawberry juice,Bottle,Convenience store
Strawberry juice,Bottle,Convenience store
Strawberry juice,Bottle,Convenience store
Strawberry juice,Bottle,Convenience store
Strawberry juice,Bottle,Convenience store
Strawberry juice,Bottle,Convenience store
Strawberry juice,Bottle,Convenience store
Strawberry juice,Bottle,Convenience store
Strawberry juice,Bottle,Convenience store
Strawberry juice,Bottle,Convenience store
Strawberry juice,Bottle,Convenience store
Strawberry juice,Bottle,Convenience store
Strawberry juice,Bottle,Convenience store
Strawberry juice,Bottle,Convenience store
Strawberry juice,Bottle,Convenience store
Strawberry juice,Bottle,Convenience store
Strawberry juice,Bottle,Convenience store
Strawberry juice,Bottle,Supermarket
Strawberry juice,Bottle,Supermarket
Strawberry juice,Bottle,Supermarket
Strawberry juice,Bottle,Supermarket
Strawberry juice,Bottle,Supermarket
Strawberry juice,Bottle,Supermarket
Strawberry juice,Bottle,Supermarket
Strawberry juice,Bottle,Supermarket
Strawberry juice,Bottle,Supermarket
Strawberry juice,Bottle,Supermarket
Strawberry juice,Bottle,Supermarket
Strawberry juice,Bottle,Supermarket
Strawberry juice,Bottle,Supermarket
Strawberry juice,Bottle,Supermarket
Strawberry juice,Bottle,Supermarket
Strawberry juice,Bottle,Supermarket
Strawberry juice,Bottle,Supermarket
Strawberry juice,Bottle,Supermarket
Strawberry juice,Bottle,Supermarket
Strawberry juice,Bottle,Supermarket
Strawberry juice,Bottle,Supermarket
Strawberry juice,Bottle,Supermarket
Strawberry juice,Bottle,Supermarket
Strawberry juice,Bottle,Supermarket
Strawberry juice,Bottle,Supermarket
Strawberry juice,Bottle,Supermarket
Strawberry juice,Bottle,Supermarket
Strawberry juice,Bottle,Supermarket
Strawberry juice,Bottle,Supermarket
Strawberry juice,Bottle,Supermarket
Strawberry juice,Bottle,Supermarket
Strawberry juice,Bottle,Supermarket
Strawberry juice,Bottle,Supermarket
Strawberry juice,Bottle,Supermarket
Strawberry juice,Bottle,Supermarket
Strawberry juice,Bottle,Supermarket
Strawberry juice,Bottle,Supermarket
Strawberry juice,Bottle,Supermarket
Strawberry juice,Bottle,Supermarket
Strawberry juice,Bottle,Supermarket
Strawberry juice,Bottle,Supermarket
Strawberry juice,Bottle,Supermarket
Strawberry juice,Bottle,Supermarket
Strawberry juice,Bottle,Supermarket
Strawberry juice,Bottle,Supermarket
Strawberry juice,Bottle,Supermarket
Strawberry juice,Bottle,Supermarket
Strawberry juice,Bottle,Supermarket
Strawberry juice,Bottle,Supermarket
Strawberry juice,Bottle,Supermarket
Strawberry juice,Bottle,Supermarket
Strawberry juice,Bottle,Supermarket
Strawberry juice,Bottle,Supermarket
Strawberry juice,Bottle,Supermarket
Strawberry juice,Bottle,Supermarket
Strawberry juice,Bottle,Supermarket
Strawberry juice,Bottle,Supermarket
Strawberry juice,Bottle,Supermarket
Strawberry juice,Bottle,Supermarket
Strawberry juice,Bottle,Supermarket
Strawberry juice,Bottle,Supermarket
Strawberry juice,Bottle,Supermarket
Strawberry juice,Bottle,Supermarket
Strawberry juice,Bottle,Supermarket
Strawberry juice,Bottle,Supermarket
Strawberry juice,Bottle,Supermarket
Strawberry juice,Bottle,Supermarket
Strawberry juice,Bottle,Supermarket
Strawberry juice,Bottle,Supermarket
Strawberry juice,Bottle,Supermarket
Strawberry juice,Bottle,Supermarket
Strawberry juice,Bottle,Supermarket
Strawberry juice,Bottle,Supermarket
Strawberry juice,Bottle,Supermarket
Strawberry juice,Bottle,Supermarket
Strawberry juice,Bottle,Supermarket
Strawberry juice,Bottle,Supermarket
Strawberry juice,Bottle,Supermarket
Strawberry juice,Bottle,Supermarket
Strawberry juice,Bottle,Supermarket
Strawberry juice,Bottle,Supermarket
Strawberry juice,Bottle,Supermarket
Strawberry juice,Bottle,Supermarket
Strawberry juice,Bottle,Supermarket
Strawberry juice,Bottle,Supermarket
Strawberry juice,Bottle,Supermarket
Strawberry juice,Bottle,Supermarket
Strawberry juice,Bottle,Supermarket
Strawberry juice,Bottle,Supermarket
Strawberry juice,Bottle,Supermarket
Strawberry juice,Bottle,Supermarket
Strawberry juice,Bottle,Supermarket
Strawberry juice,Bottle,Supermarket
Strawberry juice,Bottle,Supermarket
Strawberry juice,Bottle,Supermarket
Strawberry juice,Bottle,Supermarket
Strawberry juice,Bottle,Supermarket
Strawberry juice,Bottle,Supermarket
Strawberry juice,Bottle,Supermarket
Strawberry juice,Bottle,Supermarket
Strawberry juice,Bottle,Supermarket
Strawberry juice,Bottle,Supermarket
Strawberry juice,Bottle,Supermarket
Strawberry juice,Bottle,Supermarket
Strawberry juice,Bottle,Supermarket
Strawberry juice,Bottle,Supermarket
Strawberry juice,Bottle,Supermarket
Strawberry juice,Bottle,Supermarket
Strawberry juice,Bottle,Supermarket
Strawberry juice,Bottle,Supermarket
Strawberry juice,Bottle,Supermarket
Strawberry juice,Bottle,Supermarket
Strawberry juice,Bottle,Supermarket
Strawberry juice,Bottle,Supermarket
Strawberry juice,Bottle,Supermarket
Strawberry juice,Bottle,Supermarket
Strawberry juice,Bottle,Supermarket
Strawberry juice,Bottle,Supermarket
Strawberry juice,Bottle,Supermarket
Strawberry juice,Bottle,Supermarket
Strawberry juice,Bottle,Supermarket
Strawberry juice,Bottle,Supermarket
Strawberry juice,Bottle,Supermarket
Strawberry juice,Bottle,Supermarket
Strawberry juice,Bottle,Supermarket
Strawberry juice,Bottle,Supermarket
Strawberry juice,Bottle,Supermarket
Strawberry juice,Tetra Pak,Convenience store
Strawberry juice,Tetra Pak,Convenience store
Strawberry juice,Tetra Pak,Convenience store
Strawberry juice,Tetra Pak,Convenience store
Strawberry juice,Tetra Pak,Convenience store
Strawberry juice,Tetra Pak,Convenience store
Strawberry juice,Tetra Pak,Convenience store
Strawberry juice,Tetra Pak,Convenience store
Strawberry juice,Tetra Pak,Convenience store
Strawberry juice,Tetra Pak,Convenience store
Strawberry juice,Tetra Pak,Convenience store
Strawberry juice,Tetra Pak,Convenience store
Strawberry juice,Tetra Pak,Convenience store
Strawberry juice,Tetra Pak,Convenience store
Strawberry juice,Tetra Pak,Convenience store
Strawberry juice,Tetra Pak,Convenience store
Strawberry juice,Tetra Pak,Convenience store
Strawberry juice,Tetra Pak,Convenience store
Strawberry juice,Tetra Pak,Convenience store
Strawberry juice,Tetra Pak,Convenience store
Strawberry juice,Tetra Pak,Convenience store
Strawberry juice,Tetra Pak,Convenience store
Strawberry juice,Tetra Pak,Convenience store
Strawberry juice,Tetra Pak,Convenience store
Strawberry juice,Tetra Pak,Convenience store
Strawberry juice,Tetra Pak,Convenience store
Strawberry juice,Tetra Pak,Convenience store
Strawberry juice,Tetra Pak,Convenience store
Strawberry juice,Tetra Pak,Convenience store
Strawberry juice,Tetra Pak,Convenience store
Strawberry juice,Tetra Pak,Convenience store
Strawberry juice,Tetra Pak,Convenience store
Strawberry juice,Tetra Pak,Convenience store
Strawberry juice,Tetra Pak,Convenience store
Strawberry juice,Tetra Pak,Convenience store
Strawberry juice,Tetra Pak,Convenience store
Strawberry juice,Tetra Pak,Convenience store
Strawberry juice,Tetra Pak,Convenience store
Strawberry juice,Tetra Pak,Convenience store
Strawberry juice,Tetra Pak,Convenience store
Strawberry juice,Tetra Pak,Convenience store
Strawberry juice,Tetra Pak,Convenience store
Strawberry juice,Tetra Pak,Convenience store
Strawberry juice,Tetra Pak,Convenience store
Strawberry juice,Tetra Pak,Convenience store
Strawberry juice,Tetra Pak,Convenience store
Strawberry juice,Tetra Pak,Convenience store
Strawberry juice,Tetra Pak,Convenience store
Strawberry juice,Tetra Pak,Convenience store
Strawberry juice,Tetra Pak,Convenience store
Strawberry juice,Tetra Pak,Convenience store
Strawberry juice,Tetra Pak,Convenience store
Strawberry juice,Tetra Pak,Convenience store
Strawberry juice,Tetra Pak,Convenience store
Strawberry juice,Tetra Pak,Convenience store
Strawberry juice,Tetra Pak,Convenience store
Strawberry juice,Tetra Pak,Convenience store
Strawberry juice,Tetra Pak,Convenience store
Strawberry juice,Tetra Pak,Convenience store
Strawberry juice,Tetra Pak,Convenience store
Strawberry juice,Tetra Pak,Convenience store
Strawberry juice,Tetra Pak,Convenience store
Strawberry juice,Tetra Pak,Convenience store
Strawberry juice,Tetra Pak,Convenience store
Strawberry juice,Tetra Pak,Convenience store
Strawberry juice,Tetra Pak,Convenience store
Strawberry juice,Tetra Pak,Convenience store
Strawberry juice,Tetra Pak,Convenience store
Strawberry juice,Tetra Pak,Convenience store
Strawberry juice,Tetra Pak,Convenience store
Strawberry juice,Tetra Pak,Convenience store
Strawberry juice,Tetra Pak,Convenience store
Strawberry juice,Tetra Pak,Convenience store
Strawberry juice,Tetra Pak,Convenience store
Strawberry juice,Tetra Pak,Convenience store
Strawberry juice,Tetra Pak,Convenience store
Strawberry juice,Tetra Pak,Convenience store
Strawberry juice,Tetra Pak,Convenience store
Strawberry juice,Tetra Pak,Convenience store
Strawberry juice,Tetra Pak,Convenience store
Strawberry juice,Tetra Pak,Convenience store
Strawberry juice,Tetra Pak,Convenience store
Strawberry juice,Tetra Pak,Convenience store
Strawberry juice,Tetra Pak,Convenience store
Strawberry juice,Tetra Pak,Convenience store
Strawberry juice,Tetra Pak,Convenience store
Strawberry juice,Tetra Pak,Convenience store
Strawberry juice,Tetra Pak,Convenience store
Strawberry juice,Tetra Pak,Convenience store
Strawberry juice,Tetra Pak,Convenience store
Strawberry juice,Tetra Pak,Convenience store
Strawberry juice,Tetra Pak,Convenience store
Strawberry juice,Tetra Pak,Convenience store
Strawberry juice,Tetra Pak,Convenience store
Strawberry juice,Tetra Pak,Convenience store
Strawberry juice,Tetra Pak,Convenience store
Strawberry juice,Tetra Pak,Convenience store
Strawberry juice,Tetra Pak,Convenience store
Strawberry juice,Tetra Pak,Convenience store
Strawberry juice,Tetra Pak,Convenience store
Strawberry juice,Tetra Pak,Convenience store
Strawberry juice,Tetra Pak,Convenience store
Strawberry juice,Tetra Pak,Convenience store
Strawberry juice,Tetra Pak,Convenience store
Strawberry juice,Tetra Pak,Convenience store
Strawberry juice,Tetra Pak,Convenience store
Strawberry juice,Tetra Pak,Convenience store
Strawberry juice,Tetra Pak,Convenience store
Strawberry juice,Tetra Pak,Convenience store
Strawberry juice,Tetra Pak,Convenience store
Strawberry juice,Tetra Pak,Convenience store
Strawberry juice,Tetra Pak,Convenience store
Strawberry juice,Tetra Pak,Convenience store
Strawberry juice,Tetra Pak,Convenience store
Strawberry juice,Tetra Pak,Convenience store
Strawberry juice,Tetra Pak,Convenience store
Strawberry juice,Tetra Pak,Convenience store
Strawberry juice,Tetra Pak,Convenience store
Strawberry juice,Tetra Pak,Convenience store
Strawberry juice,Tetra Pak,Convenience store
Strawberry juice,Tetra Pak,Convenience store
Strawberry juice,Tetra Pak,Convenience store
Strawberry juice,Tetra Pak,Convenience store
Strawberry juice,Tetra Pak,Convenience store
Strawberry juice,Tetra Pak,Convenience store
Strawberry juice,Tetra Pak,Convenience store
Strawberry juice,Tetra Pak,Convenience store
Strawberry juice,Tetra Pak,Convenience store
Strawberry juice,Tetra Pak,Convenience store
Strawberry juice,Tetra Pak,Convenience store
Strawberry juice,Tetra Pak,Convenience store
Strawberry juice,Tetra Pak,Supermarket
Strawberry juice,Tetra Pak,Supermarket
Strawberry juice,Tetra Pak,Supermarket
Strawberry juice,Tetra Pak,Supermarket
Strawberry juice,Tetra Pak,Supermarket
Strawberry juice,Tetra Pak,Supermarket
Strawberry juice,Tetra Pak,Supermarket
Strawberry juice,Tetra Pak,Supermarket
Strawberry juice,Tetra Pak,Supermarket
Strawberry juice,Tetra Pak,Supermarket
Strawberry juice,Tetra Pak,Supermarket
Strawberry juice,Tetra Pak,Supermarket
Strawberry juice,Tetra Pak,Supermarket
Strawberry juice,Tetra Pak,Supermarket
Strawberry juice,Tetra Pak,Supermarket
Strawberry juice,Tetra Pak,Supermarket
Strawberry juice,Tetra Pak,Supermarket
Strawberry juice,Tetra Pak,Supermarket
Strawberry juice,Tetra Pak,Supermarket
Strawberry juice,Tetra Pak,Supermarket
Strawberry juice,Tetra Pak,Supermarket
Strawberry juice,Tetra Pak,Supermarket
Strawberry juice,Tetra Pak,Supermarket
Strawberry juice,Tetra Pak,Supermarket
Strawberry juice,Tetra Pak,Supermarket
Strawberry juice,Tetra Pak,Supermarket
Strawberry juice,Tetra Pak,Supermarket
Strawberry juice,Tetra Pak,Supermarket
Strawberry juice,Tetra Pak,Supermarket
Strawberry juice,Tetra Pak,Supermarket
Strawberry juice,Tetra Pak,Supermarket
Strawberry juice,Tetra Pak,Supermarket
Strawberry juice,Tetra Pak,Supermarket
Strawberry juice,Tetra Pak,Supermarket
Strawberry juice,Tetra Pak,Supermarket
Strawberry juice,Tetra Pak,Supermarket
Strawberry juice,Tetra Pak,Supermarket
Strawberry juice,Tetra Pak,Supermarket
Strawberry juice,Tetra Pak,Supermarket
Strawberry juice,Tetra Pak,Supermarket
Strawberry juice,Tetra Pak,Supermarket
Strawberry juice,Tetra Pak,Supermarket
Strawberry juice,Tetra Pak,Supermarket
Strawberry juice,Tetra Pak,Supermarket
Strawberry juice,Tetra Pak,Supermarket
Strawberry juice,Tetra Pak,Supermarket
Strawberry juice,Tetra Pak,Supermarket
Strawberry juice,Tetra Pak,Supermarket
Strawberry juice,Tetra Pak,Supermarket
Strawberry juice,Tetra Pak,Supermarket
Strawberry juice,Tetra Pak,Supermarket
Strawberry juice,Tetra Pak,Supermarket
Strawberry juice,Tetra Pak,Supermarket
Strawberry juice,Tetra Pak,Supermarket
Strawberry juice,Tetra Pak,Supermarket
Strawberry juice,Tetra Pak,Supermarket
Strawberry juice,Tetra Pak,Supermarket
Strawberry juice,Tetra Pak,Supermarket
Strawberry juice,Tetra Pak,Supermarket
Strawberry juice,Tetra Pak,Supermarket
Strawberry juice,Tetra Pak,Supermarket
Strawberry juice,Tetra Pak,Supermarket
Strawberry juice,Tetra Pak,Supermarket
Strawberry juice,Tetra Pak,Supermarket
Strawberry juice,Tetra Pak,Supermarket
Strawberry juice,Tetra Pak,Supermarket
Strawberry juice,Tetra Pak,Supermarket
Strawberry juice,Tetra Pak,Supermarket
Strawberry juice,Tetra Pak,Supermarket
Strawberry juice,Tetra Pak,Supermarket
Strawberry juice,Tetra Pak,Supermarket
Strawberry juice,Tetra Pak,Supermarket
Strawberry juice,Tetra Pak,Supermarket
Strawberry juice,Tetra Pak,Supermarket
Strawberry juice,Tetra Pak,Supermarket
Strawberry juice,Tetra Pak,Supermarket
Strawberry juice,Tetra Pak,Supermarket
Strawberry juice,Tetra Pak,Supermarket
Strawberry juice,Tetra Pak,Supermarket
Strawberry juice,Tetra Pak,Supermarket
Strawberry juice,Tetra Pak,Supermarket
Strawberry juice,Tetra Pak,Supermarket
Strawberry juice,Tetra Pak,Supermarket
Strawberry juice,Tetra Pak,Supermarket
Strawberry juice,Tetra Pak,Supermarket
Strawberry juice,Tetra Pak,Supermarket
Strawberry juice,Tetra Pak,Supermarket
Strawberry juice,Tetra Pak,Supermarket
Strawberry juice,Tetra Pak,Supermarket
Strawberry juice,Tetra Pak,Supermarket
Strawberry juice,Tetra Pak,Supermarket
Strawberry juice,Tetra Pak,Supermarket
Strawberry juice,Tetra Pak,Supermarket
Strawberry juice,Tetra Pak,Supermarket
Strawberry juice,Tetra Pak,Supermarket
Strawberry juice,Tetra Pak,Supermarket
Strawberry juice,Tetra Pak,Supermarket
Strawberry juice,Tetra Pak,Supermarket
Strawberry juice,Tetra Pak,Supermarket
Strawberry juice,Tetra Pak,Supermarket
Strawberry juice,Tetra Pak,Supermarket
Strawberry juice,Tetra Pak,Supermarket
Strawberry juice,Tetra Pak,Supermarket
Strawberry juice,Tetra Pak,Supermarket
Strawberry juice,Tetra Pak,Supermarket
Strawberry juice,Tetra Pak,Supermarket
Strawberry juice,Tetra Pak,Supermarket
Strawberry juice,Tetra Pak,Supermarket
Strawberry juice,Tetra Pak,Supermarket
Strawberry juice,Tetra Pak,Supermarket
Strawberry juice,Tetra Pak,Supermarket
Strawberry juice,Tetra Pak,Supermarket
Strawberry juice,Tetra Pak,Supermarket
Strawberry juice,Tetra Pak,Supermarket
Strawberry juice,Tetra Pak,Supermarket
Strawberry juice,Tetra Pak,Supermarket
Strawberry juice,Tetra Pak,Supermarket
Strawberry juice,Tetra Pak,Supermarket
Strawberry juice,Tetra Pak,Supermarket
Strawberry juice,Tetra Pak,Supermarket
Strawberry juice,Tetra Pak,Supermarket
Strawberry juice,Tetra Pak,Supermarket
Strawberry juice,Tetra Pak,Supermarket
Strawberry juice,Tetra Pak,Supermarket
Strawberry juice,Tetra Pak,Supermarket
Strawberry juice,Tetra Pak,Supermarket
Strawberry juice,Tetra Pak,Supermarket
Strawberry juice,Tetra Pak,Supermarket
Strawberry juice,Tetra Pak,Supermarket
Strawberry juice,Tetra Pak,Supermarket
Strawberry juice,Tetra Pak,Supermarket
Strawberry juice,Tetra Pak,Supermarket
Strawberry juice,Tetra Pak,Supermarket
Strawberry juice,Tetra Pak,Supermarket
Strawberry juice,Tetra Pak,Supermarket
Strawberry juice,Tetra Pak,Supermarket
Strawberry juice,Tetra Pak,Supermarket
Strawberry juice,Tetra Pak,Supermarket
Strawberry juice,Tetra Pak,Supermarket
Strawberry juice,Tetra Pak,Supermarket
Strawberry juice,Tetra Pak,Supermarket
Strawberry juice,Tetra Pak,Supermarket
Strawberry juice,Tetra Pak,Supermarket
Strawberry juice,Tetra Pak,Supermarket
Strawberry juice,Tetra Pak,Supermarket
Strawberry juice,Tetra Pak,Supermarket
Strawberry juice,Tetra Pak,Supermarket
Strawberry juice,Tetra Pak,Supermarket
Strawberry juice,Tetra Pak,Supermarket
Strawberry juice,Tetra Pak,Supermarket
Strawberry juice,Tetra Pak,Supermarket
Strawberry juice,Tetra Pak,Supermarket
Strawberry juice,Tetra Pak,Supermarket
Strawberry juice,Tetra Pak,Supermarket
Strawberry juice,Tetra Pak,Supermarket
Strawberry juice,Tetra Pak,Supermarket
Strawberry juice,Tetra Pak,Supermarket
Strawberry juice,Tetra Pak,Supermarket
Strawberry juice,Tetra Pak,Supermarket
Strawberry juice,Tetra Pak,Supermarket
